Key,Parameter,ja-jp,en-us,zh-cn,zh-tw,ko-kr,es-es,ar-sa,id-id,
Pen,,手書きペン,Handwriting Pen,手写笔,手寫筆,필기 펜,Bolígrafo de escritura,قلم الكتابة اليدوية,Pena,
OpenPenTool,,ペンツールを開く,Open Pen Tool,打开笔工具,開啟筆工具,펜 도구 열기,Abrir herramienta de pluma,فتح أداة القلم,Buka pena,
Undo,,元に戻す,Undo,撤销,撤銷,실행 취소,Deshacer,تراجع,Urung,
Redo,,やり直す,Redo,重做,重做,다시 실행,Rehacer,إعادة,Ulang,
BallPen,,ボールペン,Ball Pen,圆珠笔,圓珠筆,볼펜,Bolígrafo de bola,قلم الكرة,Bola pena,
Highlighter,,蛍光ペン,Highlighter,荧光笔,螢光筆,형광펜,Marcador,محدد,Stabilo,
Pencil,,鉛筆,Pencil,铅笔,鉛筆,연필,Lápiz,قلم رصاص,Pensil,
Eraser,,消しゴム,Eraser,橡皮擦,橡皮擦,지우개,Borrador,ممحاة,Penghapus,
Select,,なげなわ選択,Select,选择,選擇,선택,Seleccionar,اختيار,Pilih,
EraserByPoint,,消しゴム（点）,Eraser (Point),橡皮擦（点）,橡皮擦（點）,지우개(점),Borrador (Punto),ممحاة (نقطة),Penghapus (Titik),
EraserByStroke,,消しゴム（線）,Eraser (Stroke),橡皮擦（线）,橡皮擦（線）,지우개(선),Borrador (Trazo),ممحاة (خط),Penghapus (Goresan),
Import,,インポート,Import,导入,導入,가져오기,Importar,استيراد,Impor,
Export,,エクスポート,Export,导出,導出,내보내기,Exportar,تصدير,Ekspor,
SaveImage,,画像ファイルを保存,Save Image File,保存图像文件,保存圖像檔案,이미지 파일로 저장,Guardar archivo de imagen,حفظ ملف الصورة,Simpan file gambar,
ExportAsIsf,,.isfとしてエクスポート,Export as .isf,导出为 .isf,導出為 .isf,.isf로 내보내기,Exportar como .isf,تصدير كـ .isf,Ekspor sebagai .isf,
PenToolWindowTitle,,ペンツール,Ink Pen Tool,笔工具,筆工具,펜 도구,Ink Pen Tool,أداة القلم,Alat pena,
Close,,閉じる,Close,关闭,關閉,닫기,Cerrar,إغلاق,Tutup,
Thickness,,太さ,Thickness,粗细,粗細,굵기,Grosor,سمك,Ketebalan,
Offset,,位置,Offset,位置,位置,위치,Desplazamiento,الإزاحة,Pergeseran,
Length,,長さ,Length,长度,長度,길이,Longitud,الطول,Panjang,
Pressure,,筆圧,Pressure,压力,壓力,압력,Presión,الضغط,Tekanan,
LayerDefaultName,,レイヤー {0},Layer {0},图层 {0},圖層 {0},레이어 {0},Capa {0},طبقة {0},Lapisan {0},
AddLayer,,レイヤーを追加,Add Layer,添加图层,新增圖層,레이어 추가,Añadir capa,إضافة طبقة,Tambah lapisan,
DuplicateLayer,,レイヤーを複製,Duplicate Layer,复制图层,複製圖層,레이어 복제,Duplicar capa,تكرار الطبقة,Duplikat lapisan,
DeleteLayer,,レイヤーを削除,Delete Layer,删除图层,刪除圖層,레이어 삭제,Eliminar capa,حذف الطبقة,Hapus lapisan,
MoveLayerUp,,上へ移動,Move Up,上移,上移,위로 이동,Mover arriba,تحريك لأعلى,Naikkan,
MoveLayerDown,,下へ移動,Move Down,下移,下移,아래로 이동,Mover abajo,تحريك لأسفل,Turunkan,
LayerVisible,,表示,Visible,显示,顯示,표시,Visible,مرئي,Tampil,
LayerLocked,,ロック,Lock,锁定,鎖定,잠금,Bloquear,قفل,Kunci,
LayerOpacity,,不透明度,Opacity,不透明度,不透明度,불투명도,Opacidad,التعتيم,Opasitas,
LayerBlendMode,,合成モード,Blend Mode,混合模式,混合模式,혼합 모드,Modo de fusión,وضع المزج,Mode campuran,
StrokeColor,,色,Color,颜色,顏色,색,Color,اللون,Warna,
FitToScreen,,全体表示,Fit to Screen,适应屏幕,適應螢幕,화면에 맞추기,Ajustar a la pantalla,ملاءمة الشاشة,Sesuaikan layar,
LayerNotEditable,,編集できないレイヤーです,This layer cannot be edited,此图层无法编辑,此圖層無法編輯,편집할 수 없는 레이어입니다,Esta capa no se puede editar,لا يمكن تحرير هذه الطبقة,Lapisan ini tidak dapat diedit,
LayerClipping,,クリッピング,Clipping,剪贴,剪裁,클리핑,Recorte,القص,Kliping,
LayerRangeOverride,,個別の描画範囲,Layer Draw Range,单独的绘制范围,個別的繪製範圍,개별 그리기 범위,Rango de dibujo propio,نطاق رسم مستقل,Rentang gambar sendiri,
Stabilization,,手ブレ補正,Stabilization,防抖,防手震,손떨림 보정,Estabilización,تثبيت الاهتزاز,Stabilisasi,
LevelNone,,なし,None,无,無,없음,Ninguna,بدون,Tidak ada,
LevelLow,,弱,Low,弱,弱,약,Baja,ضعيف,Lemah,
LevelMedium,,中,Medium,中,中,중,Media,متوسط,Sedang,
LevelHigh,,強,High,强,強,강,Alta,قوي,Kuat,
FolderDefaultName,,グループ {0},Group {0},组 {0},群組 {0},그룹 {0},Grupo {0},مجموعة {0},Grup {0},
AddFolder,,グループを追加,Add Group,添加组,新增群組,그룹 추가,Agregar grupo,إضافة مجموعة,Tambah grup,
MoveIntoFolder,,グループへ入れる,Move Into Group,移入组,移入群組,그룹으로 넣기,Mover al grupo,نقل إلى المجموعة,Masukkan ke grup,
MoveOutOfFolder,,グループから出す,Move Out Of Group,移出组,移出群組,그룹에서 빼기,Sacar del grupo,إخراج من المجموعة,Keluarkan dari grup,
SelectByLasso,,なげなわ選択,Lasso Select,套索选择,套索選取,올가미 선택,Selección de lazo,تحديد حر,Seleksi laso,
SelectByRectangle,,矩形選択,Rectangle Select,矩形选择,矩形選取,사각형 선택,Selección rectangular,تحديد مستطيل,Seleksi persegi,
SelectAll,,すべて選択,Select All,全选,全選,모두 선택,Seleccionar todo,تحديد الكل,Pilih semua,
DuplicateSelection,,選択範囲を複製,Duplicate Selection,复制选区,複製選取範圍,선택 영역 복제,Duplicar selección,تكرار التحديد,Duplikat seleksi,
SelectionToNewLayer,,選択範囲を新しいレイヤーへ,Selection To New Layer,选区移至新图层,選取範圍移至新圖層,선택 영역을 새 레이어로,Selección a capa nueva,التحديد إلى طبقة جديدة,Seleksi ke lapisan baru,
Taper,,入り抜き,Taper,起收笔,起收筆,필압 흐름,Afilado,تدرج الطرف,Ujung meruncing,
Fill,,塗りつぶし,Fill,填充,填滿,채우기,Relleno,تعبئة,Isi,
FillTolerance,,色の誤差,Color Tolerance,颜色容差,顏色容差,색상 허용치,Tolerancia de color,تفاوت اللون,Toleransi warna,
ApplyColor,,色を変更,Change Color,更改颜色,更改顏色,색 변경,Cambiar color,تغيير اللون,Ubah warna,
ApplyThickness,,太さを変更,Change Thickness,更改粗细,更改粗細,굵기 변경,Cambiar grosor,تغيير السمك,Ubah ketebalan,
Copy,,コピー,Copy,复制,複製,복사,Copiar,نسخ,Salin,
Paste,,貼り付け,Paste,粘贴,貼上,붙여넣기,Pegar,لصق,Tempel,
MergeLayer,,下のレイヤーと結合,Merge Down,向下合并,向下合併,아래 레이어와 병합,Combinar hacia abajo,دمج للأسفل,Gabung ke bawah,
DeleteSelection,,選択範囲を削除,Delete Selection,删除选区,刪除選取範圍,선택 영역 삭제,Eliminar selección,حذف التحديد,Hapus seleksi,
ClearSelection,,選択を解除,Deselect,取消选择,取消選取,선택 해제,Deseleccionar,إلغاء التحديد,Batalkan seleksi,
Cut,,切り取り,Cut,剪切,剪下,잘라내기,Cortar,قص,Potong,
FlipHorizontal,,左右反転,Flip Horizontal,水平翻转,水平翻轉,좌우 반전,Voltear horizontal,قلب أفقي,Balik horizontal,
FlipVertical,,上下反転,Flip Vertical,垂直翻转,垂直翻轉,상하 반전,Voltear vertical,قلب رأسي,Balik vertikal,
LayerGroup,,レイヤー,Layer,图层,圖層,레이어,Capa,طبقة,Lapisan,
LayerEffectGroup,,レイヤー効果,Layer Effects,图层效果,圖層效果,레이어 효과,Efectos de capa,تأثيرات الطبقة,Efek lapisan,
Order,,描画順,Draw Order,绘制顺序,繪製順序,그리기 순서,Orden de dibujo,ترتيب الرسم,Urutan gambar,
OrderPreview,,描画範囲のプレビュー,Preview Draw Range,绘制范围预览,繪製範圍預覽,그리기 범위 미리보기,Vista previa del rango de dibujo,معاينة نطاق الرسم,Pratinjau rentang gambar,
SaveFileFailed,,ファイルの保存に失敗しました。管理者権限が必要なフォルダに保存しようとしたか、ファイルが読み取り専用になっている可能性があります。,"Failed to save the file. You may have tried to save to a folder that requires administrator privileges, or the file may be read-only.",保存文件失败。可能尝试保存到需要管理员权限的文件夹，或者文件为只读。,儲存檔案失敗。可能嘗試儲存到需要管理員權限的資料夾，或檔案為唯讀。,파일 저장에 실패했습니다. 관리자 권한이 필요한 폴더에 저장하려 했거나 파일이 읽기 전용일 수 있습니다.,"Error al guardar el archivo. Es posible que haya intentado guardar en una carpeta que requiere privilegios de administrador, o que el archivo sea de solo lectura.",فشل حفظ الملف. ربما حاولت الحفظ في مجلد يتطلب امتيازات المسؤول، أو أن الملف للقراءة فقط.,"Gagal menyimpan berkas. Anda mungkin mencoba menyimpan ke folder yang memerlukan hak administrator, atau berkas bersifat hanya-baca.",
LoadFileFailed,,ファイルの読み込みに失敗しました。アクセスが許可されていないか、他のアプリケーションで使用中の可能性があります。,"Failed to load the file. Access may be denied, or the file may be in use by another application.",读取文件失败。可能没有访问权限，或者文件正被其他应用程序使用。,讀取檔案失敗。可能沒有存取權限，或檔案正被其他應用程式使用。,파일을 불러오지 못했습니다. 접근이 허용되지 않았거나 다른 애플리케이션에서 사용 중일 수 있습니다.,"Error al cargar el archivo. Es posible que el acceso esté denegado o que otra aplicación esté usando el archivo.",فشل تحميل الملف. قد يكون الوصول مرفوضًا، أو أن الملف قيد الاستخدام من قبل تطبيق آخر.,"Gagal memuat berkas. Akses mungkin ditolak, atau berkas sedang digunakan oleh aplikasi lain.",
